{
  "todos": [],
  "pages": [
    {
      "id": 0,
      "name": "General"
    }
  ],
  "current_page_id": 0,
  "count": 0,
  "completedCount": 0,
  "showCompleted": true,
  "showBackground": true,
  "isExpanded": false,
  "useCustomColors": false,
  "priorityColors": {
    "high": {
      "r": 0.8509804010391235,
      "g": 0.34117648005485535,
      "b": 0.34117648005485535,
      "a": 1,
      "hsvHue": 0,
      "hsvSaturation": 0.5990844368934631,
      "hsvValue": 0.8509804010391235,
      "hslHue": 0,
      "hslSaturation": 0.6310673952102661,
      "hslLightness": 0.5960784554481506,
      "valid": true
    },
    "medium": {
      "r": 0.9019607901573181,
      "g": 0.7058823704719543,
      "b": 0.3137255012989044,
      "a": 1,
      "hsvHue": 0.1111111119389534,
      "hsvSaturation": 0.6521705985069275,
      "hsvValue": 0.9019607901573181,
      "hslHue": 0.1111111119389534,
      "hslSaturation": 0.7499961853027344,
      "hslLightness": 0.6078431606292725,
      "valid": true
    },
    "low": {
      "r": 0.5568627715110779,
      "g": 0.5843137502670288,
      "b": 0.6196078658103943,
      "a": 1,
      "hsvHue": 0.59375,
      "hsvSaturation": 0.10125886648893356,
      "hsvValue": 0.6196078658103943,
      "hslHue": 0.59375,
      "hslSaturation": 0.07618829607963562,
      "hslLightness": 0.5882353186607361,
      "valid": true
    }
  },
  "exportPath": "~/Documents",
  "exportFormat": "markdown",
  "exportEmptySections": false
}
